GeoFips,GeoName,LineCode,Description,1969,1970,1971,1972,1973,1974,1975,1976,1977,1978,1979,1980,1981,1982,1983,1984,1985,1986,1987,1988,1989,1990,1991,1992,1993,1994,1995,1996,1997,1998,1999,2000,2001,2002,2003,2004,2005,2006,2007,2008,2009,2010,2011,2012,2013
8000,Colorado,1,Personal income (thousands of dollars),8362617,9447721,10654052,12056548,13774616,15431087,17007525,18707668,20868467,24074736,27637575,31661243,36453307,39978289,42963711,46893797,49555903,51506817,53456515,56556763,61188912,64843598,68683311,74703057,80924154,87187612,94759322,102202376,109974945,122328072,132644126,148098695,155918402,156031593,159330219,166624930,177818529,191699362,202598581,212101724,206437621,210454100,226144657,240349703,247068771
8000,Colorado,2,Population (persons) ,2166000,2223979,2303502,2404576,2495803,2541318,2586144,2632244,2696007,2766725,2849181,2908803,2977899,3061562,3133634,3169995,3208726,3237448,3260477,3262280,3275815,3307618,3387119,3495939,3613734,3724168,3826653,3919972,4018293,4116639,4226018,4326921,4425687,4490406,4528732,4575013,4631888,4720423,4803868,4889730,4972195,5048196,5118400,5189458,5268367
8000,Colorado,3,Per capita personal income (dollars) ,3861,4248,4625,5014,5519,6072,6576,7107,7741,8702,9700,10885,12241,13058,13711,14793,15444,15910,16395,17337,18679,19604,20278,21369,22394,23411,24763,26072,27369,29716,31387,34227,35230,34748,35182,36421,38390,40611,42174,43377,41518,41689,44183,46315,46897
8001,Adams,1,Personal income (thousands of dollars),644243,704864,798371,903021,1015818,1116779,1224897,1345690,1516182,1789735,2056772,2366547,2662732,2911989,3121888,3388198,3569578,3682495,3751365,3880422,4094950,4317818,4569738,4992838,5416679,5828525,6294824,6735060,7403658,8158120,8975135,10024659,10744837,10755820,10986279,11369411,11877109,12641474,13467767,13839557,14071066,14122431,15060869,16097968,16578475
8001,Adams,2,Population (persons) ,182656,187062,193787,203924,211825,214692,218820,224439,227864,239598,245966,247145,251341,258855,262155,264814,266973,267687,268485,266684,263401,266629,274311,284362,293995,302197,313439,323218,332462,343094,354146,366958,376443,370753,377464,384809,395146,406575,415746,424913,435700,443492,451709,460057,469193
8001,Adams,3,Per capita personal income (dollars) ,3527,3768,4120,4428,4796,5202,5598,5996,6654,7470,8362,9576,10594,11249,11909,12795,13371,13757,13972,14551,15546,16194,16659,17558,18424,19287,20083,20838,22269,23778,25343,27318,28543,29011,29106,29546,30058,31093,32394,32570,32295,31844,33342,34991,35334
8003,Alamosa,1,Personal income (thousands of dollars),28850,31566,34943,37649,41435,48656,57177,63462,67079,75980,82223,98801,106331,109488,124767,128494,135607,152854,151130,158904,179146,194846,191464,200184,227589,239952,255349,277864,281649,313403,320690,339712,352909,385365,373395,395169,418109,431467,461988,504186,510710,510188,556591,566140,581596
8003,Alamosa,2,Population (persons) ,10701,11502,11832,12239,11580,11515,12252,12073,11598,11557,11618,11870,12131,12344,12469,12846,12834,13146,13332,13712,13752,13602,13926,13790,13816,14071,14372,14367,14634,14730,14881,14954,14956,15114,15067,15217,15236,15196,15180,15300,15289,15900,16101,16123,16253
8003,Alamosa,3,Per capita personal income (dollars) ,2696,2744,2953,3076,3578,4225,4667,5257,5784,6574,7077,8324,8765,8870,10006,10003,10566,11627,11336,11589,13027,14325,13749,14517,16473,17053,17767,19340,19246,21277,21550,22717,23596,25497,24782,25969,27442,28393,30434,32953,33404,32087,34569,35114,35784
8005,Arapahoe,1,Personal income (thousands of dollars),751057,839524,984574,1153503,1360770,1556641,1781172,2025878,2322475,2772902,3292304,3916759,4613396,5192735,5658296,6286319,6819370,7159349,7523633,8002977,8815129,9501348,9991929,10734170,11528446,12472009,13362307,14517343,15249164,16980355,18617146,21062778,22412855,22062782,22171970,22769023,23888715,25582374,26224103,27495514,26296018,26573463,28771775,31015815,31832963
8005,Arapahoe,2,Population (persons) ,157055,163696,171308,184665,199083,208362,219967,230470,242501,261177,278330,297301,312603,330653,344923,357164,369021,377636,382074,382304,384980,393895,406279,420063,431731,440965,446821,454208,462681,472544,482262,491482,502393,508936,513690,518971,524466,531619,542039,552461,563161,574757,585827,595850,607070
8005,Arapahoe,3,Per capita personal income (dollars) ,4782,5129,5747,6246,6835,7471,8097,8790,9577,10617,11829,13174,14758,15704,16405,17601,18480,18958,19692,20934,22898,24122,24594,25554,26703,28283,29905,31962,32958,35934,38604,42856,44612,43351,43162,43873,45549,48122,48380,49769,46694,46234,49113,52053,52437
8007,Archuleta,1,Personal income (thousands of dollars),10064,8959,9724,10166,11320,13568,15385,19897,21646,23055,31273,33011,35707,36583,43808,48515,52734,55910,56427,58901,66187,70118,76364,87499,93029,104887,116041,131551,148597,169073,190702,208205,222257,237564,253058,269681,299637,337112,367123,385731,365593,363046,395867,416827,429993
8007,Archuleta,2,Population (persons) ,2615,2687,2490,2417,2706,2805,2966,3247,3318,3256,3509,3740,4039,4296,4538,4639,4847,4891,5005,5119,5166,5382,5557,5725,6119,6511,7098,7896,8498,9109,9510,10020,10454,10885,11089,11266,11496,11937,12262,12250,12169,12065,12015,12103,12194
8007,Archuleta,3,Per capita personal income (dollars) ,3849,3334,3905,4206,4183,4837,5187,6128,6524,7081,8912,8826,8841,8516,9654,10458,10880,11431,11274,11506,12812,13028,13742,15284,15203,16109,16348,16660,17486,18561,20053,20779,21260,21825,22821,23938,26064,28241,29940,31488,30043,30091,32948,34440,35263
8009,Baca,1,Personal income (thousands of dollars),18210,22921,22070,24609,41207,29244,24323,29839,34195,27452,30284,37963,44905,49187,63140,67965,64155,66923,73281,77213,69991,83717,75517,77185,89187,79345,87011,93164,98249,113892,120327,113701,121173,95029,113196,110075,118844,102150,126024,129353,140786,160043,189506,172560,181046
8009,Baca,2,Population (persons) ,5800,5661,5616,5739,5650,5522,5675,5726,5562,5506,5462,5397,5300,5241,5186,5112,4992,4873,4873,4828,4743,4525,4527,4489,4421,4428,4506,4616,4563,4548,4562,4501,4471,4336,4117,4064,3997,3933,3866,3806,3767,3787,3809,3761,3682
8009,Baca,3,Per capita personal income (dollars) ,3140,4049,3930,4288,7293,5296,4286,5211,6148,4986,5544,7034,8473,9385,12175,13295,12852,13733,15038,15993,14757,18501,16681,17194,20173,17919,19310,20183,21532,25042,26376,25261,27102,21916,27495,27085,29733,25973,32598,33987,37374,42261,49752,45881,49171
8011,Bent,1,Personal income (thousands of dollars),16815,19192,21743,23523,27379,28200,33299,33714,32779,37281,43572,42205,46719,48467,53142,58065,59539,61920,62556,64852,67386,71017,74633,78396,84295,85662,89446,94326,97349,106739,113395,118477,124399,116458,126317,128164,132196,130028,138351,136948,142709,148267,154379,155924,161207
8011,Bent,2,Population (persons) ,6638,6497,6525,6430,6041,6143,6393,6279,6166,5880,6005,5940,5909,5839,5998,5937,5868,5739,5588,5377,5162,5028,4928,4988,5415,5488,5579,5610,5539,5960,6049,5954,5841,5973,6166,6180,6118,6012,5715,5962,6425,6507,6305,5780,5688
8011,Bent,3,Per capita personal income (dollars) ,2533,2954,3332,3658,4532,4591,5209,5369,5316,6340,7256,7105,7906,8301,8860,9780,10146,10789,11195,12061,13054,14124,15145,15717,15567,15609,16033,16814,17575,17909,18746,19899,21298,19497,20486,20739,21608,21628,24208,22970,22212,22786,24485,26976,28342
8013,Boulder,1,Personal income (thousands of dollars),533387,593943,673474,760243,853792,966687,1092114,1224400,1411065,1657622,1932219,2187416,2522520,2781678,3041476,3394847,3551500,3721902,3948548,4259752,4672790,5002165,5308872,5877945,6344016,7076202,7456163,8054840,8749454,9659065,10602104,12208115,12334511,11502760,11692021,12187666,13200789,14142870,14714500,15211282,14119627,14514567,15526574,16639262,17042764
8013,Boulder,2,Population (persons) ,129577,133342,140808,151309,159509,166449,166670,169117,178121,183432,187125,190935,195705,200827,206440,211206,213942,215971,218024,219915,223507,226374,232846,240430,247405,254324,259520,264630,270744,277562,285901,293358,300137,279468,278768,279728,280241,284243,287428,290859,293190,296318,300506,305297,310048
8013,Boulder,3,Per capita personal income (dollars) ,4116,4454,4783,5024,5353,5808,6553,7240,7922,9037,10326,11456,12889,13851,14733,16074,16600,17233,18111,19370,20907,22097,22800,24448,25642,27824,28731,30438,32316,34800,37083,41615,41096,41159,41942,43570,47105,49756,51194,52298,48159,48983,51668,54502,54968
8014,Broomfield,1,Personal income (thousands of dollars),,,,,,,,,,,,,,,,,,,,,,,,,,,,,,,,,,1396331,1451006,1514244,1626418,1806225,2014614,2153442,2210230,2211403,2483289,2760330,2906192
8014,Broomfield,2,Population (persons) ,,,,,,,,,,,,,,,,,,,,,,,,,,,,,,,,,,41800,43805,44867,46313,48729,51526,53181,54789,56089,57193,58311,59471
8014,Broomfield,3,Per capita personal income (dollars) ,,,,,,,,,,,,,,,,,,,,,,,,,,,,,,,,,,33405,33124,33750,35118,37067,39099,40493,40341,39427,43419,47338,48867
8015,Chaffee,1,Personal income (thousands of dollars),29403,35471,39478,43152,49796,57239,65828,74019,82748,93833,109054,123694,135587,131939,127185,140772,144746,149119,150680,152943,163011,170880,183616,194676,209023,226837,255995,273689,292333,322775,353135,379045,396833,400137,417729,437865,470414,510687,555949,560148,563468,559568,599536,641200,663812
8015,Chaffee,2,Population (persons) ,10103,10273,10810,11340,11595,11747,12131,12109,12563,12567,13013,13270,13410,13337,13026,12699,12819,12671,12682,12637,12741,12696,12788,13036,13550,13930,14398,14892,15195,15431,16026,16337,16488,16844,16921,17047,17105,17087,17377,17573,17852,17805,18022,18127,18510
8015,Chaffee,3,Per capita personal income (dollars) ,2910,3453,3652,3805,4295,4873,5426,6113,6587,7467,8380,9321,10111,9893,9764,11085,11292,11769,11881,12103,12794,13459,14358,14934,15426,16284,17780,18378,19239,20917,22035,23202,24068,23755,24687,25686,27502,29887,31993,31875,31563,31428,33267,35373,35862
8017,Cheyenne,1,Personal income (thousands of dollars),8824,9797,11447,8971,15435,17649,16037,14222,15573,15288,14467,20344,24692,34249,47666,39229,44340,45212,36452,41468,38900,44995,41749,45875,53141,47569,61626,47100,54847,67507,79252,65560,75902,58264,74570,70177,69847,55773,82923,74404,79910,105423,109231,105607,107978
8017,Cheyenne,2,Population (persons) ,2433,2398,2418,2276,2301,2305,2244,2230,2064,2122,2174,2167,2220,2279,2302,2387,2379,2377,2288,2340,2402,2395,2377,2450,2348,2316,2304,2313,2261,2334,2255,2209,2179,2119,2021,1981,1939,1912,1863,1881,1843,1835,1870,1881,1890
8017,Cheyenne,3,Per capita personal income (dollars) ,3627,4085,4734,3942,6708,7657,7147,6378,7545,7205,6655,9388,11123,15028,20706,16434,18638,19021,15932,17721,16195,18787,17564,18724,22632,20539,26747,20363,24258,28923,35145,29679,34833,27496,36898,35425,36022,29170,44510,39556,43359,57451,58412,56144,57131
8019,Clear Creek,1,Personal income (thousands of dollars),20060,22454,28250,33081,26666,30690,35253,45392,55856,69900,78685,91632,100417,102130,96504,109071,115090,119172,124676,124921,133188,142320,151148,172004,182849,192556,209522,228968,254256,282155,303696,332627,365574,400092,421386,437505,458566,486408,479779,505237,482241,482197,505184,530608,541593
8019,Clear Creek,2,Population (persons) ,4681,4977,5739,5911,5747,5754,6058,6195,6202,6595,6986,7350,7504,7655,7913,7800,7793,7762,7741,7666,7567,7632,7852,8038,8292,8571,8808,8800,8981,9122,9293,9255,9383,9514,9402,9148,9150,9042,9152,9138,8994,9103,9050,9060,9031
8019,Clear Creek,3,Per capita personal income (dollars) ,4285,4512,4922,5597,4640,5334,5819,7327,9006,10599,11263,12467,13382,13342,12196,13983,14768,15353,16106,16295,17601,18648,19250,21399,22051,22466,23788,26019,28310,30931,32680,35940,38961,42053,44819,47825,50117,53794,52423,55290,53618,52971,55821,58566,59970
8021,Conejos,1,Personal income (thousands of dollars),13231,16007,17222,20234,19147,23133,26175,27232,27952,30416,34659,39108,41593,42875,48189,51087,55543,53800,58701,62193,66982,74152,77761,85800,92777,96347,106266,110641,118253,124307,131608,138158,152614,148393,161414,164431,167983,171346,179802,178868,190916,192903,209294,215754,221432
8021,Conejos,2,Population (persons) ,7797,7839,7829,7867,7928,8032,8106,7920,7962,7847,7787,7764,7629,7671,7789,7743,7592,7614,7607,7567,7494,7479,7545,7506,7617,7789,7888,7995,8056,8205,8336,8401,8350,8358,8310,8353,8337,8256,8217,8200,8140,8278,8308,8275,8277
8021,Conejos,3,Per capita personal income (dollars) ,1697,2042,2200,2572,2415,2880,3229,3438,3511,3876,4451,5037,5452,5589,6187,6598,7316,7066,7717,8219,8938,9915,10306,11431,12180,12370,13472,13839,14679,15150,15788,16445,18277,17755,19424,19685,20149,20754,21882,21813,23454,23303,25192,26073,26753
8023,Costilla,1,Personal income (thousands of dollars),5119,5679,6034,7245,7901,8729,9998,11125,11704,14093,15938,19439,21837,21881,28948,32272,32773,29516,28808,31144,32508,38255,40883,44658,48406,50238,54766,58547,58386,63057,68411,71294,77042,80341,78247,79594,83704,86402,88742,94136,97308,93862,104727,107831,115088
8023,Costilla,2,Population (persons) ,3081,3074,3064,3238,3208,3113,3142,3120,3173,3238,3151,3067,3045,3131,3217,3360,3320,3228,3217,3217,3215,3183,3262,3202,3225,3286,3399,3576,3605,3644,3601,3675,3619,3639,3645,3656,3562,3571,3567,3532,3481,3528,3641,3593,3518
8023,Costilla,3,Per capita personal income (dollars) ,1661,1847,1969,2237,2463,2804,3182,3566,3689,4352,5058,6338,7171,6989,8998,9605,9871,9144,8955,9681,10111,12019,12533,13947,15010,15288,16112,16372,16196,17304,18998,19400,21288,22078,21467,21771,23499,24195,24879,26652,27954,26605,28763,30011,32714
8025,Crowley,1,Personal income (thousands of dollars),8205,9883,11133,13828,20499,17015,22616,23279,21160,19558,20402,28630,33985,24933,21666,27810,28686,31405,33614,37858,42246,46399,44295,49496,51000,51588,57093,61076,73777,74420,81860,89005,97039,79632,80456,82845,91342,88637,90702,96764,91188,93672,100496,106658,107738
8025,Crowley,2,Population (persons) ,3164,3090,3108,3232,3266,3336,3336,3201,3157,2928,2817,2990,2992,3006,3102,3068,3056,3056,3014,3999,4054,3946,4072,4153,4327,4508,4642,4936,4997,5128,5336,5509,5614,5666,5464,5720,5677,5886,6015,5947,5797,5846,5803,5376,5322
8025,Crowley,3,Per capita personal income (dollars) ,2593,3198,3582,4278,6276,5100,6779,7272,6703,6680,7242,9575,11359,8294,6985,9065,9387,10277,11153,9467,10421,11758,10878,11918,11786,11444,12299,12374,14764,14512,15341,16156,17285,14054,14725,14483,16090,15059,15079,16271,15730,16023,17318,19840,20244
8027,Custer,1,Personal income (thousands of dollars),3751,4050,4667,5629,7187,6954,8372,8210,8760,9911,12979,15463,16920,17236,18177,19732,20747,21426,24239,26322,28508,29488,31710,34589,40511,44601,50449,55578,63500,70418,74472,80868,92272,96384,106018,114784,114487,122425,131429,135856,139896,136310,151235,158218,162376
8027,Custer,2,Population (persons) ,1102,1136,1194,1256,1132,1129,1141,1181,1240,1428,1550,1534,1558,1629,1789,1868,1850,1856,1803,1833,1848,1942,2004,2098,2207,2454,2702,2960,3195,3306,3455,3523,3664,3714,3865,3911,3989,3994,4112,4107,4190,4278,4225,4245,4285
8027,Custer,3,Per capita personal income (dollars) ,3404,3565,3909,4482,6349,6159,7337,6952,7065,6940,8374,10080,10860,10581,10160,10563,11215,11544,13444,14360,15426,15184,15823,16487,18356,18175,18671,18776,19875,21300,21555,22954,25183,25952,27430,29349,28701,30652,31962,33079,33388,31863,35795,37272,37894
8029,Delta,1,Personal income (thousands of dollars),46228,48232,54666,58797,71020,75363,88677,100105,109501,121263,142028,167760,197435,207939,224555,233815,234023,222658,229955,241239,255462,272768,291497,327973,362889,391090,423751,449297,494806,540307,569856,620679,637428,653897,673933,701904,753947,815322,903259,929000,907506,903054,987172,1038605,1057181
8029,Delta,2,Population (persons) ,15606,15295,15408,15911,16096,16612,17612,18817,19379,19747,20690,21467,22384,23414,23494,23493,23092,22238,21149,20943,20858,21053,21703,22284,23235,24366,25249,25764,26177,26970,27586,27877,28069,28677,28929,29305,29389,29789,30121,30712,31156,30868,30366,30422,30483
8029,Delta,3,Per capita personal income (dollars) ,2962,3153,3548,3695,4412,4537,5035,5320,5650,6141,6865,7815,8820,8881,9558,9953,10134,10013,10873,11519,12248,12956,13431,14718,15618,16051,16783,17439,18902,20034,20657,22265,22709,22802,23296,23952,25654,27370,29988,30249,29128,29255,32509,34140,34681
8031,Denver,1,Personal income (thousands of dollars),2246643,2529679,2817764,3081630,3387906,3668932,3924758,4213605,4600473,5116686,5606640,6162287,6947309,7615743,8037793,8608729,8956323,9074507,9165882,9515848,10339485,10735125,11002243,11844598,12609105,13257300,14375363,15289676,16197507,18087131,19400716,21691392,22576060,22659923,22903793,23641361,25339502,27916138,28415004,30585158,29098426,30394421,33468531,35875873,36999486
8031,Denver,2,Population (persons) ,511251,515561,525571,525836,525265,514664,500603,501147,498719,495186,495168,494235,499024,504576,511007,505507,504439,500090,492049,479719,472678,468139,478352,495279,508388,512684,518958,527643,536678,540893,548848,555651,561976,556790,552588,550756,551691,556895,564395,575721,589011,603421,620018,634542,649495
8031,Denver,3,Per capita personal income (dollars) ,4394,4907,5361,5860,6450,7129,7840,8408,9225,10333,11323,12468,13922,15093,15729,17030,17755,18146,18628,19836,21874,22931,23000,23915,24802,25859,27700,28977,30181,33439,35348,39038,40173,40697,41448,42925,45931,50128,50346,53125,49402,50370,53980,56538,56967
8033,Dolores,1,Personal income (thousands of dollars),4709,3819,4793,5148,8405,8752,9733,8567,9759,10104,12792,14764,17767,17429,19319,21468,21121,18384,20591,23387,23780,21470,21452,25196,26420,27558,29293,29409,34104,37155,40364,38653,42628,40096,44160,45882,49701,51592,56944,54653,52432,54324,58063,60100,65146
8033,Dolores,2,Population (persons) ,1532,1633,1591,1562,1564,1442,1595,1574,1476,1516,1514,1661,1674,1669,1767,1703,1585,1591,1516,1524,1481,1505,1401,1383,1422,1506,1583,1642,1680,1782,1824,1847,1849,1870,1842,1850,1869,1973,1980,2061,2057,2061,2028,1995,2029
8033,Dolores,3,Per capita personal income (dollars) ,3074,2339,3013,3296,5374,6069,6102,5443,6612,6665,8449,8889,10614,10443,10933,12606,13326,11555,13582,15346,16057,14266,15312,18218,18579,18299,18505,17910,20300,20850,22129,20927,23055,21442,23974,24801,26592,26149,28760,26518,25490,26358,28631,30125,32107
8035,Douglas,1,Personal income (thousands of dollars),38681,45424,53479,64591,82203,98891,117409,137756,167727,224038,286603,365212,457465,553442,645417,766625,876029,970910,1066967,1189604,1347502,1547003,2030169,2389354,2906995,3396114,4053349,4573155,5167769,5879895,6800991,8046152,8753888,8582929,9051784,10087560,11801101,13643084,15561131,16923673,17883884,18607809,20769395,22384309,23175877
8035,Douglas,2,Population (persons) ,7918,8629,9424,10439,11750,13119,14778,15884,17723,20759,23091,25619,27421,29829,32469,35697,38847,42300,46882,51304,55531,61670,67060,73707,81429,89796,101937,114690,130505,146164,162866,180121,196783,208911,220352,232508,243112,256136,267177,275500,281386,286909,292393,298417,305963
8035,Douglas,3,Per capita personal income (dollars) ,4885,5264,5675,6187,6996,7538,7945,8673,9464,10792,12412,14256,16683,18554,19878,21476,22551,22953,22759,23187,24266,25085,30274,32417,35700,37820,39763,39874,39598,40228,41758,44671,44485,41084,41079,43386,48542,53265,58243,61429,63556,64856,71032,75010,75747
8037,Eagle,1,Personal income (thousands of dollars),25466,29097,32258,38920,48681,56013,66835,82711,94564,113778,147297,177111,205901,231891,242023,276086,288469,296485,317465,367952,429033,488102,537177,650596,718817,788792,916048,1023183,1188094,1356391,1460994,1640307,1766515,1752417,1847816,1987824,2166951,2422855,2549422,2674156,2398878,2332230,2427108,2556228,2644828
8037,Eagle,2,Population (persons) ,7015,7681,8519,8857,9561,10327,10692,11860,12577,12131,13289,13486,14120,15822,16585,16878,17496,18165,18426,19434,20783,22297,23941,25516,27315,29476,31595,33415,35879,38434,40443,41961,43238,44227,44995,45893,47205,48476,49803,51049,52513,52092,51768,51921,52460
8037,Eagle,3,Per capita personal income (dollars) ,3630,3788,3787,4394,5092,5424,6251,6974,7519,9379,11084,13133,14582,14656,14593,16358,16488,16322,17229,18933,20643,21891,22438,25498,26316,26760,28993,30620,33114,35291,36125,39091,40856,39623,41067,43314,45905,49981,51190,52384,45682,44771,46884,49233,50416
8039,Elbert,1,Personal income (thousands of dollars),13983,13907,14336,18741,22829,25588,30819,32435,40668,48342,57510,72321,81084,93422,106246,120834,128618,133780,144557,153471,160396,172232,188300,220729,260275,307088,351579,404063,431086,494982,561377,653908,696478,711800,736162,798607,840206,879079,952603,999902,1007281,972777,1087649,1130798,1154486
8039,Elbert,2,Population (persons) ,3943,3924,3980,4090,4689,4730,4962,5306,5366,5588,6198,6904,7105,7432,7723,8008,8171,8306,8817,9149,9295,9752,10247,10743,11523,12810,14423,15841,17011,18077,19170,20060,21094,21678,21834,21977,22182,22423,22402,22634,22965,23091,23273,23415,23733
8039,Elbert,3,Per capita personal income (dollars) ,3546,3544,3602,4582,4869,5410,6211,6113,7579,8651,9279,10475,11412,12570,13757,15089,15741,16106,16395,16775,17256,17661,18376,20546,22587,23973,24376,25507,25342,27382,29284,32598,33018,32835,33716,36338,37878,39204,42523,44177,43862,42128,46734,48294,48645
8041,El Paso,1,Personal income (thousands of dollars),893031,1048743,1144009,1339507,1539905,1689656,1813016,1953541,2115125,2442135,2791629,3169384,3718303,4106565,4486541,5083656,5576210,6006392,6377363,6752019,7114636,7310697,7773184,8485959,9021600,9754184,10690595,11503400,12171819,13658143,14784741,16242152,17026020,17312408,17925064,18724921,19930919,21215923,22409055,23023846,23260743,24190357,25631830,26502138,26940874
8041,El Paso,2,Population (persons) ,228797,238149,250170,268911,289925,294270,293947,291540,301005,305086,309248,312043,321747,332335,343973,354326,370274,382860,394843,396073,397485,397491,404419,422062,437105,457150,469757,478381,486934,498062,509044,519938,535864,544145,547549,556667,565800,580251,586783,597919,608061,626691,636878,645439,655044
8041,El Paso,3,Per capita personal income (dollars) ,3903,4404,4573,4981,5311,5742,6168,6701,7027,8005,9027,10157,11557,12357,13043,14347,15060,15688,16152,17047,17899,18392,19221,20106,20639,21337,22758,24047,24997,27423,29044,31239,31773,31816,32737,33638,35226,36563,38190,38507,38254,38600,40246,41061,41128
8043,Fremont,1,Personal income (thousands of dollars),61280,68591,77015,86130,98447,109315,125567,139529,154914,177264,201893,230046,257130,274001,297522,320073,336902,359959,367938,377188,401027,406244,421530,470386,522924,598002,639142,685629,739029,800825,845616,911211,960139,960724,992464,1025236,1061753,1126751,1199735,1271023,1254112,1274006,1330202,1367556,1388144
8043,Fremont,2,Population (persons) ,21505,22122,22976,23784,24819,25735,26463,26500,26763,27066,28578,28804,29248,29841,30614,31380,31692,31843,32785,32658,32518,32254,32356,33130,36099,38943,41239,42671,43825,45026,45655,46245,46633,47019,46901,46605,46641,46873,46959,47166,46871,46874,47293,46760,46451
8043,Fremont,3,Per capita personal income (dollars) ,2850,3101,3352,3621,3967,4248,4745,5265,5788,6549,7065,7987,8791,9182,9718,10200,10631,11304,11223,11550,12332,12595,13028,14198,14486,15356,15498,16068,16863,17786,18522,19704,20589,20433,21161,21998,22764,24038,25549,26948,26757,27179,28127,29246,29884
8045,Garfield,1,Personal income (thousands of dollars),51479,57660,62267,71456,86423,98495,118001,134974,146046,169314,203322,234809,304720,383577,374372,355689,351750,357404,371389,408414,459379,510465,530432,561307,626660,709440,777344,839001,922274,1056784,1146769,1301590,1308345,1317863,1364965,1498859,1646929,1876562,2103961,2345163,2145818,2034739,2162994,2305441,2359201
8045,Garfield,2,Population (persons) ,14239,14963,15757,16358,16733,17324,18607,19217,19940,20467,21859,23023,25006,28510,28261,26600,26859,26647,26975,27852,28799,30379,31384,31520,32949,34815,36377,37826,39210,41095,42611,44257,45636,46925,47622,48193,49579,51594,53534,55449,57089,56087,56055,56901,57302
8045,Garfield,3,Per capita personal income (dollars) ,3615,3854,3952,4368,5165,5685,6342,7024,7324,8273,9302,10199,12186,13454,13247,13372,13096,13413,13768,14664,15951,16803,16901,17808,19019,20377,21369,22181,23521,25716,26913,29410,28669,28084,28662,31101,33218,36372,39301,42294,37587,36278,38587,40517,41171
8047,Gilpin,1,Personal income (thousands of dollars),3840,4306,5217,6413,7352,8594,10025,11598,13976,16863,21010,26701,31366,33395,35330,37660,39969,42430,44015,44627,48532,50896,58682,69030,77658,84381,96784,111053,124089,137752,154786,170150,179947,178968,180886,178561,195879,210553,210021,223001,224638,225068,230878,241734,249717
8047,Gilpin,2,Population (persons) ,1289,1298,1429,1531,1758,1703,1862,1892,1985,2100,2230,2462,2543,2666,2854,2807,2928,2985,3049,3020,3016,3078,3171,3179,3314,3477,3688,3815,4101,4337,4658,4783,4781,4788,4777,4752,4810,4883,4893,5026,5352,5468,5468,5497,5601
8047,Gilpin,3,Per capita personal income (dollars) ,2979,3317,3651,4189,4182,5046,5384,6130,7041,8030,9422,10845,12334,12526,12379,13416,13651,14214,14436,14777,16092,16535,18506,21714,23433,24268,26243,29110,30258,31762,33230,35574,37638,37378,37866,37576,40723,43120,42923,44369,41973,41161,42223,43976,44584
8049,Grand,1,Personal income (thousands of dollars),13165,13912,17398,21484,27591,28172,40401,46453,46402,54504,65876,79808,88527,93301,102855,110590,113974,114321,117544,120924,132638,135973,146416,159904,179245,199646,221339,243708,265667,294311,331414,371691,395549,428467,442121,466230,477330,516155,552784,564296,538770,534280,568381,582364,612391
8049,Grand,2,Population (persons) ,4037,4227,4791,5753,6159,6180,6503,6536,6608,6894,7205,7528,7726,8068,8045,8479,8614,8466,8306,8022,7854,8041,8251,8650,9089,9312,9944,10552,11005,11529,12138,12496,12743,13158,13324,13596,13627,14003,14306,14622,14902,14787,14535,14162,14289
8049,Grand,3,Per capita personal income (dollars) ,3261,3291,3631,3734,4480,4559,6213,7107,7022,7906,9143,10601,11458,11564,12785,13043,13231,13504,14152,15074,16888,16910,17745,18486,19721,21440,22259,23096,24141,25528,27304,29745,31040,32563,33182,34292,35028,36860,38640,38592,36154,36132,39104,41122,42858
8051,Gunnison,1,Personal income (thousands of dollars),17171,18861,21774,24854,28675,33171,37530,42635,47795,57195,68960,81827,90579,95810,98881,106562,111935,114480,116503,121535,131945,140941,151799,173716,194246,213742,227607,243525,267267,296124,310561,337380,378971,388438,411896,436892,454686,499550,528708,526310,513785,510480,533777,566249,575277
8051,Gunnison,2,Population (persons) ,6539,7705,8328,8535,8776,9341,9213,8963,9315,9556,9963,10713,10786,10872,10610,10269,10126,10078,9929,10155,10143,10340,10613,11208,11690,12098,12427,12928,13186,13488,13765,14068,14206,14322,14273,14356,14456,14720,15043,15250,15356,15374,15427,15439,15507
8051,Gunnison,3,Per capita personal income (dollars) ,2626,2448,2615,2912,3267,3551,4074,4757,5131,5985,6922,7638,8398,8813,9320,10377,11054,11359,11734,11968,13008,13631,14303,15499,16616,17668,18316,18837,20269,21955,22562,23982,26677,27122,28858,30433,31453,33937,35146,34512,33458,33204,34600,36677,37098
8053,Hinsdale,1,Personal income (thousands of dollars),531,776,871,1044,1182,1322,1453,1772,2198,2360,2590,3125,3389,4331,5627,6266,6040,6046,6106,6231,7621,8386,9170,10355,12214,13472,14594,15302,16496,17595,18525,19666,20260,19741,21482,22712,25701,26366,29328,30239,30205,32504,34444,37898,39286
8053,Hinsdale,2,Population (persons) ,204,202,209,277,290,316,345,403,462,483,501,414,437,440,491,498,502,481,469,465,459,468,472,510,551,607,644,704,737,778,793,791,817,798,779,810,794,815,835,818,834,846,835,809,813
8053,Hinsdale,3,Per capita personal income (dollars) ,2603,3842,4167,3769,4076,4184,4212,4397,4758,4886,5170,7548,7755,9843,11460,12582,12032,12570,13019,13400,16603,17919,19428,20304,22167,22194,22661,21736,22383,22616,23361,24862,24798,24738,27576,28040,32369,32351,35123,36967,36217,38421,41250,46845,48322
8055,Huerfano,1,Personal income (thousands of dollars),15017,17346,20096,21075,23285,25387,27148,29637,32310,35298,39551,44900,47895,51766,57827,60445,61562,60433,62460,62588,67241,68731,73112,79404,83998,92731,100686,108468,119458,133647,137955,141916,150271,150644,153602,162244,166835,175299,188160,195647,202539,197606,205877,211034,216847
8055,Huerfano,2,Population (persons) ,6826,6534,6327,6428,6671,6589,6689,6772,6717,6702,6553,6445,6452,6665,6819,6890,6806,6717,6463,6343,6163,5997,6032,6125,6308,6586,6881,7223,7553,7743,7879,7771,7635,7571,7428,7193,7145,7127,7051,7073,6824,6668,6509,6605,6519
8055,Huerfano,3,Per capita personal income (dollars) ,2200,2655,3176,3279,3490,3853,4059,4376,4810,5267,6036,6967,7423,7767,8480,8773,9045,8997,9664,9867,10910,11461,12121,12964,13316,14080,14632,15017,15816,17260,17509,18262,19682,19898,20679,22556,23350,24596,26686,27661,29680,29635,31630,31951,33264
8057,Jackson,1,Personal income (thousands of dollars),4672,5156,5612,5892,9909,9649,9570,11298,12110,14348,15123,17401,19046,22200,19961,17260,19254,18739,22213,22019,22415,21398,24015,25952,28986,26698,26478,27131,28382,29544,31050,34869,33706,37702,39934,41919,47585,49321,52467,51908,54046,54318,62503,62921,66257
8057,Jackson,2,Population (persons) ,1764,1849,2024,2007,2130,1852,1740,1717,1692,1798,1770,1862,1857,1799,1757,1745,1683,1639,1677,1625,1667,1593,1609,1651,1699,1654,1555,1509,1534,1541,1573,1577,1529,1532,1512,1486,1449,1415,1407,1378,1408,1383,1379,1346,1365
8057,Jackson,3,Per capita personal income (dollars) ,2649,2789,2773,2936,4652,5210,5500,6580,7157,7980,8544,9345,10256,12340,11361,9891,11440,11433,13246,13550,13446,13433,14925,15719,17061,16141,17028,17979,18502,19172,19739,22111,22044,24610,26411,28209,32840,34856,37290,37669,38385,39275,45325,46747,48540
8059,Jefferson,1,Personal income (thousands of dollars),986829,1132792,1325315,1513885,1740512,1960716,2225890,2524084,2892679,3403574,3947451,4600054,5398219,5991109,6439734,7046125,7460161,7743683,7899068,8297717,8892491,9430399,10067938,10716797,11621187,12221825,13255530,14225355,15535685,17383015,18462954,20571804,21389221,20696719,20918848,21898150,22752557,23901319,24876581,25159631,23645890,23485058,24194926,25496838,26077248
8059,Jefferson,2,Population (persons) ,230536,237786,249216,266554,284807,296783,315261,327847,339730,355217,369538,374525,384689,393547,403358,411993,418414,423772,428666,431553,435904,440014,447371,457595,472208,483064,492154,499819,507371,513706,523325,527997,530651,527851,524940,520900,519675,521662,524911,529003,531961,535232,538878,545476,551798
8059,Jefferson,3,Per capita personal income (dollars) ,4281,4764,5318,5679,6111,6607,7060,7699,8515,9582,10682,12282,14033,15223,15965,17103,17830,18273,18427,19228,20400,21432,22505,23420,24610,25301,26934,28461,30620,33838,35280,38962,40308,39209,39850,42039,43782,45818,47392,47560,44450,43878,44899,46742,47259
8061,Kiowa,1,Personal income (thousands of dollars),11641,12201,9057,10646,12375,20818,13464,14863,16557,15017,13650,27239,19666,23420,43758,44948,39342,36974,31910,33717,29740,38872,34087,37618,40728,36938,43322,40762,50761,58537,57605,50584,51026,36264,46512,42697,44907,38030,61506,54341,58250,68731,76305,74698,85045
8061,Kiowa,2,Population (persons) ,2058,2024,2012,2026,2034,1994,2070,2030,1888,1785,1867,1944,1976,1901,1898,1891,1872,1801,1751,1748,1742,1676,1631,1630,1700,1656,1631,1641,1632,1637,1639,1610,1550,1519,1501,1457,1467,1456,1410,1392,1378,1394,1455,1439,1423
8061,Kiowa,3,Per capita personal income (dollars) ,5656,6028,4501,5255,6084,10440,6504,7322,8770,8413,7311,14012,9952,12320,23055,23769,21016,20530,18224,19289,17072,23193,20899,23079,23958,22306,26562,24840,31104,35759,35146,31419,32920,23874,30987,29305,30611,26120,43621,39038,42271,49305,52443,51910,59765
8063,Kit Carson,1,Personal income (thousands of dollars),30413,37616,36621,43818,60579,69505,59067,55193,55247,47349,49872,64963,72231,78053,92361,111379,116705,108966,124664,131378,126832,133164,126964,140637,149386,148256,159181,174402,171793,212841,227278,208135,223159,204058,246136,238157,251037,231411,275268,278567,281238,316726,340613,348125,356398
8063,Kit Carson,2,Population (persons) ,7447,7587,7843,7477,7442,7562,7729,7790,7718,7523,7582,7597,7572,7595,7690,7677,7503,7390,7254,7285,7247,7131,7252,7352,7382,7421,7485,7547,7614,7815,8028,7971,7995,8250,8133,8157,8060,8011,7954,8157,8383,8242,8179,8103,8037
8063,Kit Carson,3,Per capita personal income (dollars) ,4084,4958,4669,5860,8140,9191,7642,7085,7158,6294,6578,8551,9539,10277,12011,14508,15554,14745,17186,18034,17501,18674,17507,19129,20237,19978,21267,23109,22563,27235,28311,26112,27912,24734,30264,29197,31146,28887,34607,34151,33549,38428,41645,42962,44345
8065,Lake,1,Personal income (thousands of dollars),25744,29796,31028,30158,34475,41521,51626,57108,65538,73721,85283,99765,110196,91420,68950,75827,78894,75209,71829,70967,82540,91207,96422,100292,104262,110794,123315,132475,141611,152946,159886,165783,169572,168191,172255,179716,187537,199596,210783,223092,212245,209601,222029,245776,248370
8065,Lake,2,Population (persons) ,8333,8308,8503,8538,8538,8489,8677,8924,8812,8722,8844,8836,8842,8464,7625,6964,6776,6533,6158,5833,5953,6053,6255,6398,6483,6616,6907,7079,7265,7473,7713,7815,7758,7676,7491,7434,7331,7278,7392,7450,7426,7265,7378,7283,7306
8065,Lake,3,Per capita personal income (dollars) ,3089,3586,3649,3532,4038,4891,5950,6399,7437,8452,9643,11291,12463,10801,9043,10888,11643,11512,11664,12166,13865,15068,15415,15676,16082,16746,17854,18714,19492,20466,20729,21213,21858,21911,22995,24175,25581,27425,28515,29945,28581,28851,30093,33747,33995
8067,La Plata,1,Personal income (thousands of dollars),53691,59994,68437,78211,89208,101440,118545,136552,154363,182120,211578,242084,279219,302556,326788,355902,379368,393412,405654,444267,475348,520763,561359,639436,710299,793890,862422,931669,1000843,1096911,1150624,1270223,1330820,1368359,1430458,1544834,1674441,1838605,1999393,2225863,2100893,2168378,2288738,2419324,2484802
8067,La Plata,2,Population (persons) ,19451,19327,20126,21503,21945,22610,23586,25249,26252,27042,27234,27431,28309,29346,30118,30784,31371,31300,31288,31313,31695,32505,33684,34966,36550,37843,39568,40761,41654,42318,43049,44228,45044,45869,46121,46728,47575,48574,49343,50291,51105,51473,51914,52419,53284
8067,La Plata,3,Per capita personal income (dollars) ,2760,3104,3400,3637,4065,4487,5026,5408,5880,6735,7769,8825,9863,10310,10850,11561,12093,12569,12965,14188,14998,16021,16665,18287,19434,20979,21796,22857,24028,25921,26728,28720,29545,29832,31015,33060,35196,37852,40520,44260,41109,42127,44087,46154,46633
8069,Larimer,1,Personal income (thousands of dollars),269008,309032,363001,421836,491789,567932,662526,766219,880910,1045714,1234490,1413086,1604858,1754359,1932069,2125465,2280269,2442534,2612119,2793071,3080076,3315692,3536504,3871997,4244758,4609666,5043374,5529211,5994771,6528832,7005150,7919534,8558770,8628753,8669608,9072367,9611999,10385493,11149116,11430859,11240203,11465390,12284655,13032687,13545018
8069,Larimer,2,Population (persons) ,81438,91095,97125,106999,112441,119945,120593,123187,131973,137780,145474,150091,153347,157410,161816,165073,169687,174271,177612,180610,183507,187299,193154,200212,208143,216868,222750,228350,233746,240765,246884,253072,260541,265372,268448,271510,275116,280713,286112,291650,296696,300482,305137,310686,315988
8069,Larimer,3,Per capita personal income (dollars) ,3303,3392,3737,3942,4374,4735,5494,6220,6675,7590,8486,9415,10466,11145,11940,12876,13438,14016,14707,15465,16785,17703,18309,19339,20393,21256,22641,24214,25647,27117,28374,31294,32850,32516,32295,33414,34938,36997,38968,39194,37885,38157,40259,41948,42866
8071,Las Animas,1,Personal income (thousands of dollars),38073,40134,44226,50786,57760,64516,70448,75539,78941,87421,101876,120310,125590,128249,131959,135723,137336,138388,143628,151118,162023,167814,179473,189785,202280,216752,241532,242543,255702,286107,302491,324644,347104,366856,377276,398623,417127,441674,467946,490674,478834,476237,495665,517417,527279
8071,Las Animas,2,Population (persons) ,15667,15821,16174,16158,15760,15698,15771,15711,15446,14903,14610,14927,15011,15146,15075,14742,14416,14217,14019,13773,13867,13757,13567,13698,13740,14067,14381,14558,14621,14765,14960,15297,15116,15424,15706,15573,15582,15673,15734,15770,15775,15415,15049,14995,14446
8071,Las Animas,3,Per capita personal income (dollars) ,2430,2537,2734,3143,3665,4110,4467,4808,5111,5866,6973,8060,8367,8468,8753,9207,9527,9734,10245,10972,11684,12198,13229,13855,14722,15409,16795,16660,17489,19377,20220,21223,22963,23785,24021,25597,26770,28181,29741,31114,30354,30894,32937,34506,36500
8073,Lincoln,1,Personal income (thousands of dollars),16493,17407,19681,21312,27934,26767,24832,25159,33543,31117,37097,48366,48146,51249,60720,66840,67378,65685,67210,65269,66685,72774,75723,84747,86857,83939,99530,95037,93852,105689,115999,113804,114102,111166,120224,124901,128713,123656,143514,140476,160198,166255,176756,186562,173082
8073,Lincoln,2,Population (persons) ,4674,4870,5006,4957,4840,4886,5026,4927,4769,4576,4557,4642,4549,4545,4519,4576,4648,4676,4661,4598,4612,4525,5061,5616,5595,5689,5749,5913,5978,6070,6097,6070,5912,5936,5904,5751,5644,5530,5484,5468,5423,5469,5432,5449,5430
8073,Lincoln,3,Per capita personal income (dollars) ,3529,3574,3931,4299,5771,5478,4941,5106,7034,6800,8141,10419,10584,11276,13437,14607,14496,14047,14420,14195,14459,16083,14962,15090,15524,14755,17313,16073,15700,17412,19026,18749,19300,18727,20363,21718,22805,22361,26170,25691,29540,30400,32540,34238,31875
8075,Logan,1,Personal income (thousands of dollars),66617,74004,89115,98891,108014,132184,134024,127702,133670,138358,152789,180117,211597,221268,231581,246451,244017,247090,245644,259641,277256,294895,295858,316403,333702,346914,378843,412146,420653,450618,491504,508777,562348,534412,558166,568161,603659,618667,683406,766825,753197,753167,811933,891058,900378
8075,Logan,2,Population (persons) ,19331,18889,19161,19345,19505,19392,19415,19703,19624,19400,19265,19819,19851,19852,20031,19768,19462,18879,18353,18067,17893,17564,17594,17792,18110,18521,19045,19491,19803,19843,20076,20699,21459,21548,21825,21795,21694,21911,22163,22128,22451,22792,22739,22603,22450
8075,Logan,3,Per capita personal income (dollars) ,3446,3918,4651,5112,5538,6816,6903,6481,6812,7132,7931,9088,10659,11146,11561,12467,12538,13088,13384,14371,15495,16790,16816,17783,18426,18731,19892,21145,21242,22709,24482,24580,26206,24801,25575,26068,27826,28235,30835,34654,33548,33045,35707,39422,40106
8077,Mesa,1,Personal income (thousands of dollars),172407,191307,211974,233885,272075,321917,377967,422975,508475,592253,684559,805508,976903,1079776,1088930,1086416,1078497,1058705,1145034,1251691,1349879,1451956,1550932,1693864,1812121,1928302,2109450,2241081,2440262,2689665,2838833,3090016,3212164,3302761,3428478,3648814,3950863,4346289,4873713,5398165,5053988,4905877,5166608,5435527,5492271
8077,Mesa,2,Population (persons) ,54219,54479,55311,56912,57962,58973,63261,66628,68585,72223,76946,82796,87659,94152,96012,94496,89368,87386,87443,88872,91231,93757,96348,97977,100579,103373,105968,108131,110566,112686,114827,117631,119496,122440,124994,127678,130194,134665,139434,143155,147851,146464,147499,147790,147554
8077,Mesa,3,Per capita personal income (dollars) ,3180,3512,3832,4110,4694,5459,5975,6348,7414,8200,8897,9729,11144,11468,11342,11497,12068,12115,13095,14084,14796,15486,16097,17288,18017,18654,19906,20726,22071,23869,24723,26269,26881,26975,27429,28578,30346,32275,34954,37709,34183,33495,35028,36779,37222
8079,Mineral,1,Personal income (thousands of dollars),2472,3055,2795,3251,2921,3295,8262,6855,5988,6787,8955,10044,11685,10180,10136,10639,8008,7720,7747,7825,8252,9113,9785,11570,12492,13248,13245,14225,15472,17411,19411,20288,22525,23487,25242,27144,26703,28028,29088,33025,31941,30349,36303,39310,40274
8079,Mineral,2,Population (persons) ,766,789,839,861,797,797,806,816,820,831,790,819,879,848,839,801,786,677,684,631,579,554,574,588,597,646,683,720,724,769,802,832,796,812,828,848,814,789,807,774,732,704,709,705,721
8079,Mineral,3,Per capita personal income (dollars) ,3227,3872,3331,3776,3665,4134,10251,8401,7302,8167,11335,12264,13294,12005,12081,13282,10188,11403,11326,12401,14252,16449,17047,19677,20925,20508,19392,19757,21370,22641,24203,24385,28298,28925,30486,32009,32805,35523,36045,42668,43635,43109,51203,55759,55859
8081,Moffat,1,Personal income (thousands of dollars),21868,23749,27676,31038,35584,38712,47607,58623,76102,99641,115641,121533,130908,147591,153961,144075,151576,156426,162709,168080,177493,185700,192518,212180,223583,237243,256087,264643,274544,285003,297885,312921,331514,342218,357485,382503,417153,448980,487280,538574,534997,522238,591098,576288,589063
8081,Moffat,2,Population (persons) ,6471,6522,6458,6389,6605,6988,7956,9464,9901,10297,12320,13191,13395,14210,14541,13656,12621,12136,11509,11316,11286,11408,11518,11656,11845,12091,12222,12343,12651,12956,13178,13147,13065,13193,13106,13175,12956,13115,13348,13585,13728,13802,13411,13190,13103
8081,Moffat,3,Per capita personal income (dollars) ,3379,3641,4286,4858,5387,5540,5984,6194,7686,9677,9386,9213,9773,10386,10588,10550,12010,12889,14138,14853,15727,16278,16715,18204,18876,19621,20953,21441,21701,21998,22605,23802,25374,25939,27276,29032,32198,34234,36506,39645,38971,37838,44076,43691,44956
8083,Montezuma,1,Personal income (thousands of dollars),33228,34697,40515,46357,56746,60698,72286,80097,92034,104223,121174,138824,164685,181420,196429,205174,203468,205295,211232,220733,241646,268069,278478,315563,352447,382216,410784,429776,456825,509700,536531,563176,564473,574923,606169,632453,683924,731658,803931,836083,818329,826449,873760,912585,936559
8083,Montezuma,2,Population (persons) ,12610,13047,13548,13954,13815,14167,15031,14974,15292,15512,16306,16666,17252,17999,18666,19275,19210,19156,18726,18693,18592,18732,19104,19728,20443,21255,22035,22588,22989,23210,23601,23847,23692,23935,24255,24456,24514,24968,25157,25222,25507,25536,25441,25432,25642
8083,Montezuma,3,Per capita personal income (dollars) ,2635,2659,2990,3322,4108,4284,4809,5349,6018,6719,7431,8330,9546,10079,10523,10645,10592,10717,11280,11808,12997,14311,14577,15996,17240,17982,18642,19027,19871,21960,22733,23616,23825,24020,24992,25861,27899,29304,31957,33149,32083,32364,34345,35883,36524
8085,Montrose,1,Personal income (thousands of dollars),51912,56210,63226,68087,76544,90772,101824,113670,126083,142063,161407,188283,213917,227831,247362,259200,260995,285199,304656,318560,342064,357273,386165,414535,458779,506219,552261,586080,621024,669879,723830,798484,858342,887434,920953,959804,1072877,1139691,1219994,1328084,1237258,1234557,1255272,1298697,1333338
8085,Montrose,2,Population (persons) ,18538,18360,18479,18556,18836,19627,20652,21411,22169,22760,23431,24524,25151,25505,25929,25594,24872,24321,24303,24252,24466,24507,25211,25847,27016,28263,29609,30540,31460,32201,32907,33599,34361,35154,35767,36310,37227,38282,39673,40658,41535,41187,40918,40748,40713
8085,Montrose,3,Per capita personal income (dollars) ,2800,3062,3422,3669,4064,4625,4930,5309,5687,6242,6889,7677,8505,8933,9540,10127,10494,11726,12536,13135,13981,14578,15317,16038,16982,17911,18652,19191,19740,20803,21996,23765,24980,25244,25749,26434,28820,29771,30751,32665,29788,29974,30678,31871,32750
8087,Morgan,1,Personal income (thousands of dollars),66978,76177,85932,98895,108773,134715,126955,135836,129010,140385,181485,198954,221792,221108,238069,279883,274225,285436,290364,301383,333890,346264,372138,399225,431057,445718,471203,508927,533736,574332,625119,613510,679174,671660,697479,716876,747076,779899,798240,831874,827272,869692,968461,1014889,1052109
8087,Morgan,2,Population (persons) ,19463,20272,21097,21601,21672,21610,21923,21569,21685,21357,21855,22504,22411,22565,23326,23209,22834,22052,22219,21990,22043,21962,22619,23204,23566,24290,24886,25544,26167,26334,26796,27257,27307,27556,27736,27736,27727,27816,27745,27701,28099,28153,28509,28374,28404
8087,Morgan,3,Per capita personal income (dollars) ,3441,3758,4073,4578,5019,6234,5791,6298,5949,6573,8304,8841,9897,9799,10206,12059,12010,12944,13068,13705,15147,15767,16452,17205,18291,18350,18934,19924,20397,21810,23329,22508,24872,24374,25147,25846,26944,28038,28771,30030,29441,30892,33970,35768,37041
8089,Otero,1,Personal income (thousands of dollars),67969,72349,79110,87041,94610,105464,117653,125437,129467,143758,164996,184340,207330,210652,217336,229665,234172,245154,245825,255781,264987,277434,295425,319240,339708,351790,373314,387862,409693,436541,456420,473173,487426,471491,489513,497349,522888,522501,548161,553616,570087,570903,596115,607631,636517
8089,Otero,2,Population (persons) ,23114,23427,23095,23683,23658,23417,24147,23977,23466,22800,22565,22577,22563,22376,22446,22033,21714,21485,21186,20712,20577,20118,20126,20053,20301,20408,20695,20694,20777,20556,20502,20242,20012,19688,19585,19436,19247,19042,18783,18726,18743,18904,18943,18790,18703
8089,Otero,3,Per capita personal income (dollars) ,2941,3088,3425,3675,3999,4504,4872,5232,5517,6305,7312,8165,9189,9414,9683,10424,10784,11410,11603,12349,12878,13790,14679,15920,16734,17238,18039,18743,19719,21237,22262,23376,24357,23948,24994,25589,27167,27439,29184,29564,30416,30200,31469,32338,34033
8091,Ouray,1,Personal income (thousands of dollars),5211,5727,7542,8207,8847,10404,11566,11108,13519,13876,14049,17663,19940,21381,22742,24454,27589,28252,31172,34649,36677,37640,41361,47502,55850,62085,67413,72623,80948,90470,98578,106159,117861,124910,135868,152755,159858,181952,199668,202116,193089,177220,186679,202438,211882
8091,Ouray,2,Population (persons) ,1559,1537,1541,1526,1671,1718,1833,1979,1934,1982,1988,1944,2022,2108,2069,2197,2102,2091,2211,2237,2260,2309,2438,2508,2718,2926,3129,3226,3323,3470,3622,3775,3787,3872,3880,4003,4055,4090,4250,4405,4395,4459,4430,4532,4557
8091,Ouray,3,Per capita personal income (dollars) ,3343,3726,4894,5378,5294,6056,6310,5613,6990,7001,7067,9086,9862,10143,10992,11131,13125,13511,14099,15489,16229,16301,16965,18940,20548,21218,21545,22512,24360,26072,27216,28122,31123,32260,35018,38160,39422,44487,46981,45883,43934,39744,42140,44669,46496
8093,Park,1,Personal income (thousands of dollars),7512,9241,11012,15547,16002,18945,21192,22720,27585,34135,42355,53200,62098,70734,78622,84617,89759,94319,100911,108731,118163,126140,135508,155763,180759,213136,244422,278607,307440,339049,389052,447126,485133,479582,491311,512326,530520,552549,568546,583385,551205,541189,556293,591181,606718
8093,Park,2,Population (persons) ,2126,2229,2318,2786,2947,2988,3254,3348,3541,4001,4550,5419,5755,6048,6287,6434,6535,6721,6823,6881,7035,7215,7655,7979,8418,9384,10452,11518,12437,13154,13987,14670,15255,15760,16024,16130,16204,16230,16445,16394,16098,16267,16101,16069,16121
8093,Park,3,Per capita personal income (dollars) ,3533,4146,4751,5580,5430,6340,6513,6786,7790,8532,9309,9817,10790,11695,12505,13152,13735,14033,14790,15802,16796,17483,17702,19522,21473,22713,23385,24189,24720,25775,27815,30479,31802,30430,30661,31762,32740,34045,34573,35585,34241,33269,34550,36790,37635
8095,Phillips,1,Personal income (thousands of dollars),16329,20977,18741,23996,30884,43456,37590,30679,31331,30418,32899,41306,51079,51964,57496,57712,57008,64672,63402,72130,73871,78629,79979,82725,84383,81121,77965,95637,100818,107096,109914,119611,127602,108137,117544,114774,118108,113166,141001,146610,150941,161426,191688,185560,185643
8095,Phillips,2,Population (persons) ,4171,4086,3933,4013,4034,3991,4273,4418,4405,4356,4420,4539,4519,4620,4671,4588,4444,4328,4269,4235,4202,4199,4206,4205,4289,4330,4465,4516,4523,4545,4521,4455,4456,4497,4415,4475,4467,4414,4378,4349,4359,4459,4368,4374,4356
8095,Phillips,3,Per capita personal income (dollars) ,3915,5134,4765,5980,7656,10888,8797,6944,7113,6983,7443,9100,11303,11248,12309,12579,12828,14943,14852,17032,17580,18726,19015,19673,19674,18735,17461,21177,22290,23563,24312,26849,28636,24046,26624,25648,26440,25638,32207,33711,34627,36202,43885,42423,42618
8097,Pitkin,1,Personal income (thousands of dollars),30432,35514,42951,53348,64816,73168,79847,91319,103886,127446,156526,173714,206178,222854,222183,242535,242971,262225,272122,325228,363537,396298,413466,491386,531809,581467,596208,660008,728005,831895,899193,1034616,1000329,995666,1021819,1081968,1184630,1302670,1386156,1488932,1218537,1207339,1321974,1420327,1449839
8097,Pitkin,2,Population (persons) ,5876,6330,7032,7528,8164,8545,9086,10022,10630,11152,10682,10350,10374,10662,10936,10744,10697,11100,11528,12037,12337,12758,12877,13230,13896,14339,14603,14519,14920,14886,15081,14817,15013,15098,15217,15220,15399,15504,15814,16454,17008,17151,17112,17217,17379
8097,Pitkin,3,Per capita personal income (dollars) ,5179,5610,6108,7087,7939,8563,8788,9112,9773,11428,14653,16784,19874,20902,20317,22574,22714,23624,23605,27019,29467,31063,32109,37142,38271,40551,40828,45458,48794,55884,59624,69826,66631,65947,67150,71089,76929,84022,87654,90491,71645,70395,77254,82496,83425
8099,Prowers,1,Personal income (thousands of dollars),42641,43855,47432,49706,64251,66188,71820,69064,80223,86455,88407,100352,120002,133416,155317,169056,174002,175627,173696,178855,186554,198809,198776,208195,230593,226816,241823,255261,280545,311043,331662,330270,355877,333405,353339,355703,365417,358386,383031,389602,399625,403850,437825,453211,462977
8099,Prowers,2,Population (persons) ,12766,13292,13454,13511,13492,13460,13806,13731,13589,13253,13391,13067,13024,13262,13813,14223,14116,14113,14001,13945,13503,13338,13349,13316,13450,13851,13948,14046,14237,14355,14520,14431,14182,14057,13853,13613,13480,13130,12736,12663,12593,12568,12498,12416,12291
8099,Prowers,3,Per capita personal income (dollars) ,3340,3299,3525,3679,4762,4917,5202,5030,5904,6523,6602,7680,9214,10060,11244,11886,12327,12444,12406,12826,13816,14905,14891,15635,17144,16375,17337,18173,19705,21668,22842,22886,25094,23718,25506,26130,27108,27295,30075,30767,31734,32133,35032,36502,37668
8101,Pueblo,1,Personal income (thousands of dollars),376592,413138,455683,505395,572752,640259,705149,763449,817967,906751,1013603,1109812,1232617,1259947,1273307,1351751,1419609,1480187,1503059,1587734,1710787,1793296,1878930,2005456,2128215,2285488,2503749,2619785,2808934,2996134,3187200,3411213,3645365,3765379,3870888,3965388,4064390,4250214,4588686,4613206,4728367,4876654,5169068,5337259,5427408
8101,Pueblo,2,Population (persons) ,117657,118574,120746,122032,124680,124611,126644,125675,124638,123963,125884,126012,125863,125299,125737,124183,123851,124111,124312,123745,123639,123134,123447,124387,126644,128787,130865,132686,134792,137690,140184,141800,144014,146537,147907,148654,149825,152026,155121,156748,157846,159539,160431,160972,161451
8101,Pueblo,3,Per capita personal income (dollars) ,3201,3484,3774,4141,4594,5138,5568,6075,6563,7315,8052,8807,9793,10056,10127,10885,11462,11926,12091,12831,13837,14564,15221,16123,16805,17746,19132,19744,20839,21760,22736,24057,25313,25696,26171,26675,27128,27957,29581,29431,29956,30567,32220,33156,33616
8103,Rio Blanco,1,Personal income (thousands of dollars),18009,19474,23062,21626,26950,31296,34778,35677,43974,50843,71670,84218,98776,104257,106337,98660,88814,80319,83966,91034,93046,92986,104961,116582,115692,115956,117558,118189,128347,137333,138849,150476,177122,179308,185970,204551,227367,254436,290171,295416,272821,264635,282730,285285,292228
8103,Rio Blanco,2,Population (persons) ,4857,4835,4829,4684,4897,5036,5208,4899,4904,5536,5972,6349,6710,7029,7153,6818,6686,6647,6475,6253,6118,6011,6134,6176,6237,6336,6380,6263,6199,6132,6022,5986,5868,5951,5923,6007,5945,6176,6373,6522,6779,6641,6815,6808,6807
8103,Rio Blanco,3,Per capita personal income (dollars) ,3708,4028,4776,4617,5503,6214,6678,7283,8967,9184,12001,13265,14721,14832,14866,14471,13284,12083,12968,14558,15209,15469,17111,18877,18549,18301,18426,18871,20704,22396,23057,25138,30184,30131,31398,34052,38245,41198,45531,45295,40245,39849,41486,41904,42931
8105,Rio Grande,1,Personal income (thousands of dollars),25529,30086,32732,36867,46115,52046,54676,57412,59870,66304,70263,112465,103665,106011,130081,132510,141903,136966,141052,138825,161450,174717,168365,172479,190309,208422,227532,248973,239481,265219,274951,294723,304661,334336,326182,337794,360003,373263,404661,430056,429785,414876,440224,454967,475595
8105,Rio Grande,2,Population (persons) ,10557,10459,10375,10477,10522,10689,10890,10701,10566,10520,10571,10573,10794,10914,11094,11058,11113,11328,11398,11228,10891,10764,10814,10831,10954,11267,11606,11791,11990,12163,12258,12445,12213,12224,12296,12328,12208,12033,11852,11860,11872,12018,11933,11939,11803
8105,Rio Grande,3,Per capita personal income (dollars) ,2418,2877,3155,3519,4383,4869,5021,5365,5666,6303,6647,10637,9604,9713,11725,11983,12769,12091,12375,12364,14824,16232,15569,15925,17373,18498,19605,21116,19973,21805,22430,23682,24946,27351,26527,27401,29489,31020,34143,36261,36202,34521,36891,38108,40294
8107,Routt,1,Personal income (thousands of dollars),23250,27082,31709,40368,47710,56858,66780,74868,88216,117034,145451,167631,185984,195625,204169,217117,212271,201919,210005,240774,264865,294286,311127,341792,381511,410482,439762,482685,519997,583104,643295,686187,743102,810267,807413,870057,959919,1052220,1142689,1188389,1135814,1095863,1194744,1332829,1396303
8107,Routt,2,Population (persons) ,6519,6736,7393,8184,8805,9014,9791,10135,10698,11759,12963,13448,13594,13996,14144,14080,13831,13478,13498,13372,13625,14239,14807,15314,15989,16678,17295,17831,18313,18653,19237,19815,20210,20469,20893,21162,21398,21859,22491,23135,23688,23423,23176,23247,23513
8107,Routt,3,Per capita personal income (dollars) ,3566,4020,4289,4933,5419,6308,6821,7387,8246,9953,11220,12465,13681,13977,14435,15420,15347,14981,15558,18006,19440,20668,21012,22319,23861,24612,25427,27070,28395,31261,33441,34630,36769,39585,38645,41114,44860,48137,50807,51368,47949,46786,51551,57333,59384
8109,Saguache,1,Personal income (thousands of dollars),7102,8917,8243,9049,12160,13021,13806,15816,16156,19551,25282,31757,30132,28037,38974,40294,43853,48506,46429,48032,53477,56577,57681,61821,71730,75740,80593,82112,87378,100722,105911,108631,117758,132799,114624,126562,138406,133347,146543,157574,159154,157178,176697,178371,187984
8109,Saguache,2,Population (persons) ,3687,3843,3888,3982,3949,4078,4136,4108,4117,4226,3950,3962,4065,4119,4213,4184,4222,4330,4397,4469,4513,4632,4690,4693,4706,4898,5201,5413,5543,5613,5706,5939,6024,6209,6262,6365,6296,6223,6148,6179,6134,6131,6207,6318,6208
8109,Saguache,3,Per capita personal income (dollars) ,1926,2320,2120,2272,3079,3193,3338,3850,3924,4626,6401,8015,7413,6807,9251,9630,10387,11202,10559,10748,11850,12214,12299,13173,15242,15463,15496,15169,15764,17944,18561,18291,19548,21388,18305,19884,21983,21428,23836,25502,25946,25637,28467,28232,30281
8111,San Juan,1,Personal income (thousands of dollars),1995,2275,2066,3147,3248,3504,4132,4990,6070,6001,5999,7435,12082,11764,13609,13070,7595,12587,14608,13274,12523,12750,11060,8948,9672,10388,10434,10909,11557,12950,13974,14309,15825,17158,17854,17376,17903,19277,21204,22067,21228,20580,22827,23928,24166
8111,San Juan,2,Population (persons) ,803,825,794,787,865,872,890,892,918,861,856,845,891,942,960,951,870,742,906,830,753,749,705,588,587,554,565,576,555,543,549,562,581,594,610,631,627,649,661,670,657,708,700,685,692
8111,San Juan,3,Per capita personal income (dollars) ,2484,2758,2602,3999,3755,4018,4643,5594,6612,6970,7008,8799,13560,12488,14176,13743,8730,16964,16124,15993,16631,17023,15688,15218,16477,18751,18467,18939,20823,23849,25454,25461,27238,28886,29269,27537,28553,29703,32079,32936,32311,29068,32610,34931,34922
8113,San Miguel,1,Personal income (thousands of dollars),5101,5513,5925,7214,8651,9348,10741,12816,13741,15718,19563,22208,23425,25732,27058,31248,34432,38674,44536,48586,56293,70880,78618,98072,114442,132702,146357,155951,170789,196091,220061,240105,245820,248683,250112,292796,319699,352969,373600,358012,339733,328882,335331,363179,376266
8113,San Miguel,2,Population (persons) ,1934,1960,2049,1989,2179,2303,2275,2478,2842,2950,2888,3192,3188,3017,3044,3011,2957,3214,3332,3350,3407,3741,4108,4440,4841,5171,5419,5776,5991,6256,6396,6609,6858,7111,7062,7038,7097,7071,7322,7366,7379,7353,7480,7588,7678
8113,San Miguel,3,Per capita personal income (dollars) ,2638,2813,2892,3627,3970,4059,4721,5172,4835,5328,6774,6957,7348,8529,8889,10378,11644,12033,13366,14503,16523,18947,19138,22088,23640,25663,27008,27000,28508,31344,34406,36330,35844,34972,35417,41602,45047,49918,51024,48603,46041,44728,44830,47862,49006
8115,Sedgwick,1,Personal income (thousands of dollars),14539,14217,15139,17943,18903,25410,21189,23541,25912,24652,22208,28511,33979,32732,41075,40943,39738,44242,43697,43224,43166,46058,46448,49880,52585,53749,57928,67597,64572,72492,76340,70037,73684,64666,71856,76438,79447,75342,102945,110408,102332,109701,122983,127936,128891
8115,Sedgwick,2,Population (persons) ,3532,3405,3437,3392,3321,3298,3404,3366,3345,3370,3412,3259,3228,3225,3175,3139,3060,2961,2851,2797,2765,2678,2692,2674,2684,2688,2683,2743,2696,2663,2711,2746,2661,2694,2652,2551,2522,2474,2400,2421,2392,2371,2375,2381,2360
8115,Sedgwick,3,Per capita personal income (dollars) ,4116,4175,4405,5290,5692,7705,6225,6994,7746,7315,6509,8748,10526,10149,12937,13043,12986,14942,15327,15454,15612,17199,17254,18654,19592,19996,21591,24643,23951,27222,28159,25505,27690,24004,27095,29964,31502,30454,42894,45604,42781,46268,51782,53732,54615
8117,Summit,1,Personal income (thousands of dollars),6966,8467,12416,18785,24743,26580,31803,39997,54487,72144,91091,112389,130715,146520,155263,174387,188855,195339,208809,224187,256491,294499,321633,367108,400250,460607,517516,569997,623170,718415,781595,865532,857078,858599,868864,933077,986928,1121496,1169344,1245459,1144026,1200151,1256266,1354717,1414380
8117,Summit,2,Population (persons) ,2442,2793,3337,4027,4854,5557,5922,6511,7276,7978,8559,8960,9388,10273,10688,10636,11058,11477,11415,11634,12191,13124,13962,15025,16169,17490,18873,19900,20976,21702,23069,23700,24716,25006,25408,25313,25487,26019,26603,27144,27678,28053,27922,28151,28649
8117,Summit,3,Per capita personal income (dollars) ,2853,3032,3721,4665,5097,4783,5370,6143,7489,9043,10643,12543,13924,14263,14527,16396,17079,17020,18293,19270,21039,22440,23036,24433,24754,26335,27421,28643,29709,33104,33881,36520,34677,34336,34196,36862,38723,43103,43955,45883,41333,42782,44992,48123,49369
8119,Teller,1,Personal income (thousands of dollars),13110,15393,18227,22689,27514,30819,34992,39721,47142,56390,65745,77060,91750,104666,120037,140408,155236,171334,183283,197452,211386,220317,241367,277863,310134,362117,414525,461711,507459,552940,598885,648651,665753,657670,683638,723704,773247,819759,872654,909645,925962,961506,994761,1032399,1039925
8119,Teller,2,Population (persons) ,3155,3394,3727,4563,5071,5435,5830,6093,6444,6986,7884,8137,8531,9083,9578,10409,10853,11364,11967,12229,12262,12526,12808,13624,14750,15815,17112,18162,19173,19737,20294,20655,21193,21543,21682,21678,21978,22281,22707,22725,22937,23455,23333,23379,23275
8119,Teller,3,Per capita personal income (dollars) ,4155,4535,4891,4972,5426,5670,6002,6519,7316,8072,8339,9470,10755,11523,12533,13489,14304,15077,15316,16146,17239,17589,18845,20395,21026,22897,24224,25422,26467,28015,29510,31404,31414,30528,31530,33384,35183,36792,38431,40028,40370,40994,42633,44159,44680
8121,Washington,1,Personal income (thousands of dollars),19519,23270,23584,25238,29482,47887,36037,25648,38206,34868,42659,61711,55777,60268,86625,85806,86782,87528,90993,87782,85692,91745,84975,88953,102378,91637,109613,119997,121485,124417,132473,113542,119212,103839,125249,126425,131178,129351,151659,149054,156021,176828,198920,196584,192886
8121,Washington,2,Population (persons) ,5540,5542,5447,5491,5189,5165,5180,5236,5004,4830,4869,5283,5187,5320,5437,5389,5251,5171,5137,5079,4968,4784,4813,4728,4848,4906,5013,5036,5019,5034,4862,4939,4874,5035,5028,4923,4912,4907,4883,4792,4800,4803,4820,4753,4803
8121,Washington,3,Per capita personal income (dollars) ,3523,4199,4330,4596,5682,9271,6957,4898,7635,7219,8761,11681,10753,11329,15932,15922,16527,16927,17713,17283,17249,19177,17655,18814,21118,18679,21866,23828,24205,24715,27247,22989,24459,20623,24910,25680,26706,26361,31059,31105,32504,36816,41270,41360,40159
8123,Weld,1,Personal income (thousands of dollars),274946,328475,364323,427150,508340,607080,661330,715648,733653,858553,964601,1049552,1215744,1274881,1378356,1522089,1572241,1611875,1683892,1782995,1952984,2026793,2132058,2313637,2570397,2747139,2925288,3192156,3451560,3866955,4277440,4730016,5153305,5124879,5218000,5526368,5967585,6349089,6801768,7207354,7066035,7295330,7919287,8577481,9008919
8123,Weld,2,Population (persons) ,86216,90012,93779,99597,104411,108059,108479,110052,112555,114919,120194,123767,124780,125733,129542,130764,131402,131715,131713,131842,132202,132161,134262,137560,142586,147328,152140,156140,161525,166547,174342,182861,192360,202234,208858,215322,222879,230703,237692,243442,248193,254052,258343,263525,269785
8123,Weld,3,Per capita personal income (dollars) ,3189,3649,3885,4289,4869,5618,6096,6503,6518,7471,8025,8480,9743,10140,10640,11640,11965,12238,12785,13524,14773,15336,15880,16819,18027,18646,19228,20444,21369,23218,24535,25867,26790,25341,24983,25666,26775,27521,28616,29606,28470,28716,30654,32549,33393
8125,Yuma,1,Personal income (thousands of dollars),31376,35761,40871,41640,51184,75362,63533,54308,65180,59578,75246,98321,107165,117077,123196,125294,142247,128439,136532,175157,184734,191840,198372,181232,176819,178294,186433,208237,213914,237848,265585,268715,314753,292189,307762,322973,363278,364451,389957,415289,363397,405968,479766,520689,529759
8125,Yuma,2,Population (persons) ,8619,8518,8398,8372,8338,8453,8827,8958,9253,9145,9614,9672,9614,9750,9888,9732,9724,9592,9344,9387,9188,8929,8998,9072,9126,9231,9403,9490,9637,9756,9807,9823,9822,9762,9923,9791,9765,9784,9788,9843,10022,10023,10156,10113,10151
8125,Yuma,3,Per capita personal income (dollars) ,3640,4198,4867,4974,6139,8915,7198,6063,7044,6515,7827,10166,11147,12008,12459,12874,14628,13390,14612,18660,20106,21485,22046,19977,19375,19315,19827,21943,22197,24380,27081,27356,32046,29931,31015,32987,37202,37250,39840,42191,36260,40504,47240,51487,52188
